Aakash Patel,ramesh@gmail.com,100243255869,EMP134,9300,4200,18765,2700,150,0,0,200,35315,1800,0,3000,,1,,30514,8220100012400,Janata Sahakari Bank Pune
abcd,abcd@gmail.com,1234,5,5000,4567,13298.1,1913.4,1600,0,0,1200,27578.5,1000,0,3000,,1,,23577.5,123243,HDFC
Ajil k Mohanan,kshitij.deshpande7@gmail.com,100243255878,EMP143,15600,6000,30024,4320,150,0,0,200,56294,1800,0,3000,,1,,51493,8220100012445,Janata Sahakari Bank Pune
Aman kor,abcd@gmail.com,100243255862,EMP127,16250,6000,30927.5,4450,240,0,0,1600,59467.5,1800,0,3000,,1,,54666.5,8220100012365,Janata Sahakari Bank Pune
Basil P E,kdd@gmail.com,100243255880,EMP145,15600,6000,30024,4320,150,0,0,200,56294,1800,0,3000,,1,,51493,8220100012455,Janata Sahakari Bank Pune
Danish D'Souza,kdd@gmail.com,100243255865,EMP130,15600,6000,30024,4320,150,0,0,200,56294,1800,0,3000,,1,,51493,8220100012380,Janata Sahakari Bank Pune
Deepa amin,kshitij.deshpande7@gmail.com,100243255858,EMP123,67000,10000,107030,15400,240,0,0,1600,201270,1800,0,3000,,1,,196469,8220100012345,Janata Sahakari Bank Pune
Deepthi P.S,kdd@gmail.com,100243255875,EMP140,5200,2800,11120,1600,150,0,0,200,21070,1800,0,3000,,1,,16269,8220100012430,Janata Sahakari Bank Pune
Divya Kumar,abcd@gmail.com,100243255872,EMP137,9300,4600,19321,2780,150,0,0,200,36351,1800,0,3000,,1,,31550,8220100012415,Janata Sahakari Bank Pune
Edison ML,ramesh@gmail.com,100243255879,EMP144,5200,2800,11120,1600,150,0,0,200,21070,1800,0,3000,,1,,16269,8220100012450,Janata Sahakari Bank Pune
Ganesh Rahu,kdd@gmail.com,100243255870,EMP135,5200,2800,11120,1600,150,0,0,200,21070,1800,0,3000,,1,,16269,8220100012405,Janata Sahakari Bank Pune
Jobin George,abc@gmail.com,100243255881,EMP146,9300,4200,18765,2700,200,0,0,1600,36765,1800,0,3000,,1,,31964,8220100012460,Janata Sahakari Bank Pune
Joseph P,kshitij.deshpande7@gmail.com,100243255868,EMP133,9300,4600,19321,2780,150,0,0,200,36351,1800,0,3000,,1,,31550,8220100012395,Janata Sahakari Bank Pune
KKK,abc@gmail.com,100243255861,EMP149,15600,6000,30024,4320,240,0,0,1600,57784,1800,0,3000,,1,,52983,8220100012360,Janata Sahakari Bank Pune
Lijin k c,abc@gmail.com,100243255876,EMP141,5200,2400,10564,1520,150,0,0,200,20034,1800,0,3000,,1,,15233,8220100012435,Janata Sahakari Bank Pune
Pawan Patil,abc@gmail.com,100243255866,EMP131,16250,6000,30927.5,4450,150,0,0,200,57977.5,1800,0,3000,,1,,53176.5,8220100012385,Janata Sahakari Bank Pune
PQR,ramesh@gmail.com,100243255859,EMP124,53000,9000,86180,12400,240,0,0,1600,162420,1800,0,3000,,1,,157619,8220100012350,Janata Sahakari Bank Pune
Raj Sharma,kshitij.deshpande7@gmail.com,100243255863,EMP128,15600,6000,30024,4320,240,0,0,1600,57784,1800,0,3000,,1,,52983,8220100012370,Janata Sahakari Bank Pune
Rijo Paul,abcd@gmail.com,100243255867,EMP132,16250,6000,30927.5,4450,150,0,0,200,57977.5,1800,0,3000,,1,,53176.5,8220100012390,Janata Sahakari Bank Pune
Sayad K M,abcd@gmail.com,100243255877,EMP142,15600,6000,30024,4320,150,0,0,200,56294,1800,0,3000,,1,,51493,8220100012440,Janata Sahakari Bank Pune
Sharad Gandhi,ramesh@gmail.com,100243255864,EMP129,15600,6000,30024,4320,240,0,0,1600,57784,1800,0,3000,,1,,52983,8220100012375,Janata Sahakari Bank Pune
Shilpa R,kshitij.deshpande7@gmail.com,100243255873,EMP138,9300,4600,19321,2780,150,0,0,200,36351,1800,0,3000,,1,,31550,8220100012420,Janata Sahakari Bank Pune
Sindhu J.P,ramesh@gmail.com,100243255874,EMP139,9300,4200,18765,2700,150,0,0,200,35315,1800,0,3000,,1,,30514,8220100012425,Janata Sahakari Bank Pune
UVW,kdd@gmail.com,100243255860,EMP125,37400,7000,61716,8880,240,0,0,1600,116836,1800,0,3000,,1,,112035,8220100012355,Janata Sahakari Bank Pune
Vinudas K.S,abc@gmail.com,100243255871,EMP136,5200,2400,10564,1520,150,0,0,200,20034,1800,0,3000,,1,,15233,8220100012410,Janata Sahakari Bank Pune
XYZ,abc@gmail.com,100243255861,EMP126,15600,6000,30024,4320,240,0,0,1600,57784,1800,0,3000,,1,,52983,8220100012360,Janata Sahakari Bank Pune
